id,name,type,serialization_format,offered_qos_profiles,type_description_hash
1,/rosout,rcl_interfaces/msg/Log,cdr,- history: unknown
  depth: 0
  reliability: reliable
  durability: transient_local
  deadline:
    sec: 9223372036
    nsec: 854775807
  lifespan:
    sec: 10
    nsec: 0
  liveliness: automatic
  liveliness_lease_duration:
    sec: 9223372036
    nsec: 854775807
  avoid_ros_namespace_conventions: false,RIHS01_e28ce254ca8abc06abf92773b74602cdbf116ed34fbaf294fb9f81da9f318eac
2,/events/write_split,rosbag2_interfaces/msg/WriteSplitEvent,cdr,- history: unknown
  depth: 0
  reliability: reliable
  durability: volatile
  deadline:
    sec: 9223372036
    nsec: 854775807
  lifespan:
    sec: 9223372036
    nsec: 854775807
  liveliness: automatic
  liveliness_lease_duration:
    sec: 9223372036
    nsec: 854775807
  avoid_ros_namespace_conventions: false,RIHS01_4a50733d58c48fe31919ae8c8516beda7326d70c8e99aee98af3fdfd44ec5ae6
3,/parameter_events,rcl_interfaces/msg/ParameterEvent,cdr,- history: unknown
  depth: 0
  reliability: reliable
  durability: volatile
  deadline:
    sec: 9223372036
    nsec: 854775807
  lifespan:
    sec: 9223372036
    nsec: 854775807
  liveliness: automatic
  liveliness_lease_duration:
    sec: 9223372036
    nsec: 854775807
  avoid_ros_namespace_conventions: false
- history: unknown
  depth: 0
  reliability: reliable
  durability: volatile
  deadline:
    sec: 9223372036
    nsec: 854775807
  lifespan:
    sec: 9223372036
    nsec: 854775807
  liveliness: automatic
  liveliness_lease_duration:
    sec: 9223372036
    nsec: 854775807
  avoid_ros_namespace_conventions: false
- history: unknown
  depth: 0
  reliability: reliable
  durability: volatile
  deadline:
    sec: 9223372036
    nsec: 854775807
  lifespan:
    sec: 9223372036
    nsec: 854775807
  liveliness: automatic
  liveliness_lease_duration:
    sec: 9223372036
    nsec: 854775807
  avoid_ros_namespace_conventions: false
- history: unknown
  depth: 0
  reliability: reliable
  durability: volatile
  deadline:
    sec: 9223372036
    nsec: 854775807
  lifespan:
    sec: 9223372036
    nsec: 854775807
  liveliness: automatic
  liveliness_lease_duration:
    sec: 9223372036
    nsec: 854775807
  avoid_ros_namespace_conventions: false
- history: unknown
  depth: 0
  reliability: reliable
  durability: volatile
  deadline:
    sec: 9223372036
    nsec: 854775807
  lifespan:
    sec: 9223372036
    nsec: 854775807
  liveliness: automatic
  liveliness_lease_duration:
    sec: 9223372036
    nsec: 854775807
  avoid_ros_namespace_conventions: false,RIHS01_043e627780fcad87a22d225bc2a037361dba713fca6a6b9f4b869a5aa0393204
4,/test_service1/_service_event,example_interfaces/srv/AddTwoInts_Event,cdr,- history: unknown
  depth: 0
  reliability: reliable
  durability: transient_local
  deadline:
    sec: 9223372036
    nsec: 854775807
  lifespan:
    sec: 9223372036
    nsec: 854775807
  liveliness: automatic
  liveliness_lease_duration:
    sec: 9223372036
    nsec: 854775807
  avoid_ros_namespace_conventions: false,RIHS01_32c1d140259c71e5c355115942bcb31df98b4330e4d906b1b75ccb1c9b3ce6c8
5,/test_service2/_service_event,example_interfaces/srv/AddTwoInts_Event,cdr,- history: unknown
  depth: 0
  reliability: reliable
  durability: transient_local
  deadline:
    sec: 9223372036
    nsec: 854775807
  lifespan:
    sec: 9223372036
    nsec: 854775807
  liveliness: automatic
  liveliness_lease_duration:
    sec: 9223372036
    nsec: 854775807
  avoid_ros_namespace_conventions: false,RIHS01_32c1d140259c71e5c355115942bcb31df98b4330e4d906b1b75ccb1c9b3ce6c8
6,/test_action2/_action/send_goal/_service_event,example_interfaces/action/Fibonacci_SendGoal_Event,cdr,- history: unknown
  depth: 0
  reliability: reliable
  durability: transient_local
  deadline:
    sec: 9223372036
    nsec: 854775807
  lifespan:
    sec: 9223372036
    nsec: 854775807
  liveliness: automatic
  liveliness_lease_duration:
    sec: 9223372036
    nsec: 854775807
  avoid_ros_namespace_conventions: false,RIHS01_d5e5b312dbf847307b0e876c2ecc9d80258e95b0d17f8f7bfc581c4a29c83484
7,/test_action2/_action/feedback,example_interfaces/action/Fibonacci_FeedbackMessage,cdr,- history: unknown
  depth: 0
  reliability: reliable
  durability: volatile
  deadline:
    sec: 9223372036
    nsec: 854775807
  lifespan:
    sec: 9223372036
    nsec: 854775807
  liveliness: automatic
  liveliness_lease_duration:
    sec: 9223372036
    nsec: 854775807
  avoid_ros_namespace_conventions: false,RIHS01_c1de71afd52e49a89c53d8262366884185bc0a02f78ce051c4e46b0a7fe59bb2
8,/test_action1/_action/cancel_goal/_service_event,action_msgs/srv/CancelGoal_Event,cdr,- history: unknown
  depth: 0
  reliability: reliable
  durability: transient_local
  deadline:
    sec: 9223372036
    nsec: 854775807
  lifespan:
    sec: 9223372036
    nsec: 854775807
  liveliness: automatic
  liveliness_lease_duration:
    sec: 9223372036
    nsec: 854775807
  avoid_ros_namespace_conventions: false,RIHS01_178f81615ce6be41ad328211d7a56b08b00e73f41f0b8aec256b2f3ff97a5e7e
9,/test_action2/_action/get_result/_service_event,example_interfaces/action/Fibonacci_GetResult_Event,cdr,- history: unknown
  depth: 0
  reliability: reliable
  durability: transient_local
  deadline:
    sec: 9223372036
    nsec: 854775807
  lifespan:
    sec: 9223372036
    nsec: 854775807
  liveliness: automatic
  liveliness_lease_duration:
    sec: 9223372036
    nsec: 854775807
  avoid_ros_namespace_conventions: false,RIHS01_ac4e9cdb954c2e192c9f0753d46f59ab6f0101d5fb5b9542fd8ab2906e40c4d9
10,/test_action2/_action/cancel_goal/_service_event,action_msgs/srv/CancelGoal_Event,cdr,- history: unknown
  depth: 0
  reliability: reliable
  durability: transient_local
  deadline:
    sec: 9223372036
    nsec: 854775807
  lifespan:
    sec: 9223372036
    nsec: 854775807
  liveliness: automatic
  liveliness_lease_duration:
    sec: 9223372036
    nsec: 854775807
  avoid_ros_namespace_conventions: false,RIHS01_178f81615ce6be41ad328211d7a56b08b00e73f41f0b8aec256b2f3ff97a5e7e
11,/test_action1/_action/send_goal/_service_event,example_interfaces/action/Fibonacci_SendGoal_Event,cdr,- history: unknown
  depth: 0
  reliability: reliable
  durability: transient_local
  deadline:
    sec: 9223372036
    nsec: 854775807
  lifespan:
    sec: 9223372036
    nsec: 854775807
  liveliness: automatic
  liveliness_lease_duration:
    sec: 9223372036
    nsec: 854775807
  avoid_ros_namespace_conventions: false,RIHS01_d5e5b312dbf847307b0e876c2ecc9d80258e95b0d17f8f7bfc581c4a29c83484
12,/test_action2/_action/status,action_msgs/msg/GoalStatusArray,cdr,- history: unknown
  depth: 0
  reliability: reliable
  durability: transient_local
  deadline:
    sec: 9223372036
    nsec: 854775807
  lifespan:
    sec: 9223372036
    nsec: 854775807
  liveliness: automatic
  liveliness_lease_duration:
    sec: 9223372036
    nsec: 854775807
  avoid_ros_namespace_conventions: false,RIHS01_6c1684b00f177d37438febe6e709fc4e2b0d4248dca4854946f9ed8b30cda83e
13,/test_action1/_action/get_result/_service_event,example_interfaces/action/Fibonacci_GetResult_Event,cdr,- history: unknown
  depth: 0
  reliability: reliable
  durability: transient_local
  deadline:
    sec: 9223372036
    nsec: 854775807
  lifespan:
    sec: 9223372036
    nsec: 854775807
  liveliness: automatic
  liveliness_lease_duration:
    sec: 9223372036
    nsec: 854775807
  avoid_ros_namespace_conventions: false,RIHS01_ac4e9cdb954c2e192c9f0753d46f59ab6f0101d5fb5b9542fd8ab2906e40c4d9
14,/test_action1/_action/feedback,example_interfaces/action/Fibonacci_FeedbackMessage,cdr,- history: unknown
  depth: 0
  reliability: reliable
  durability: volatile
  deadline:
    sec: 9223372036
    nsec: 854775807
  lifespan:
    sec: 9223372036
    nsec: 854775807
  liveliness: automatic
  liveliness_lease_duration:
    sec: 9223372036
    nsec: 854775807
  avoid_ros_namespace_conventions: false,RIHS01_c1de71afd52e49a89c53d8262366884185bc0a02f78ce051c4e46b0a7fe59bb2
15,/test_action1/_action/status,action_msgs/msg/GoalStatusArray,cdr,- history: unknown
  depth: 0
  reliability: reliable
  durability: transient_local
  deadline:
    sec: 9223372036
    nsec: 854775807
  lifespan:
    sec: 9223372036
    nsec: 854775807
  liveliness: automatic
  liveliness_lease_duration:
    sec: 9223372036
    nsec: 854775807
  avoid_ros_namespace_conventions: false,RIHS01_6c1684b00f177d37438febe6e709fc4e2b0d4248dca4854946f9ed8b30cda83e
16,/test_topic1,std_msgs/msg/String,cdr,- history: unknown
  depth: 0
  reliability: reliable
  durability: volatile
  deadline:
    sec: 9223372036
    nsec: 854775807
  lifespan:
    sec: 9223372036
    nsec: 854775807
  liveliness: automatic
  liveliness_lease_duration:
    sec: 9223372036
    nsec: 854775807
  avoid_ros_namespace_conventions: false,RIHS01_df668c740482bbd48fb39d76a70dfd4bd59db1288021743503259e948f6b1a18
17,/test_topic2,std_msgs/msg/String,cdr,- history: unknown
  depth: 0
  reliability: reliable
  durability: volatile
  deadline:
    sec: 9223372036
    nsec: 854775807
  lifespan:
    sec: 9223372036
    nsec: 854775807
  liveliness: automatic
  liveliness_lease_duration:
    sec: 9223372036
    nsec: 854775807
  avoid_ros_namespace_conventions: false,RIHS01_df668c740482bbd48fb39d76a70dfd4bd59db1288021743503259e948f6b1a18
